residue,crystal_d_to_30,drfold2_err_vs_crystal,drfold2_ens_std,af3_err_vs_crystal,af3_plddt
1,21.647,0.448,2.243,4.974,23.39
2,21.677,1.352,2.760,5.942,25.44
3,20.875,2.264,3.183,7.717,25.92
4,19.088,3.722,3.422,10.768,25.93
5,16.685,3.945,3.265,14.803,25.89
6,13.695,4.868,2.747,17.643,24.96
7,10.343,5.322,2.161,19.462,24.86
8,7.128,3.431,1.689,12.522,22.98
9,8.275,2.915,1.788,7.944,22.19
10,16.127,3.036,2.054,12.420,25.03
11,17.609,2.026,2.487,10.994,25.93
12,19.645,4.561,2.871,12.610,24.67
13,20.828,5.536,3.091,12.991,26.18
14,20.672,5.148,3.275,10.772,26.59
15,20.830,4.175,3.359,7.339,25.07
16,19.732,3.542,3.285,4.252,23.29
17,17.439,3.192,3.095,5.699,23.11
18,15.721,2.887,2.913,9.345,21.64
19,15.589,3.571,2.944,16.176,20.66
20,19.588,4.152,3.385,19.796,19.58
21,24.849,5.815,4.038,21.852,19.10
22,32.130,8.092,4.497,26.436,18.67
23,30.124,6.781,4.126,21.986,21.06
24,28.920,2.577,4.163,17.872,20.20
25,26.545,2.652,4.102,12.607,21.87
26,23.476,3.190,3.955,7.127,22.44
27,19.089,2.622,3.587,7.964,23.11
28,13.942,2.826,2.602,13.199,25.42
29,9.785,2.689,1.787,15.244,25.68
30,0.000,3.480,2.053,16.682,27.21
31,5.931,4.063,2.194,14.293,25.30
32,11.090,3.707,2.681,12.974,26.16
33,14.933,3.221,3.409,11.395,26.83
34,19.124,2.437,4.040,10.625,27.96
35,22.411,2.443,4.381,8.041,28.50
36,24.483,2.429,4.222,4.511,28.81
37,27.538,2.265,3.550,2.690,22.97
38,28.041,2.117,3.170,3.974,21.29
39,28.439,2.561,3.083,4.861,25.29
40,29.733,2.693,3.175,5.751,27.22
41,32.196,2.371,3.308,6.435,29.87
42,35.872,2.572,3.415,6.932,33.88
43,39.692,2.834,3.571,7.320,36.02
44,43.442,2.879,3.663,8.117,32.71
45,46.794,2.788,3.640,9.114,32.15
46,53.193,2.845,4.014,9.541,28.84
47,51.904,2.710,4.860,4.188,29.06
48,57.210,3.380,5.611,14.857,26.96
49,53.422,3.705,6.081,18.001,28.29
50,53.418,5.768,6.782,19.502,27.92
51,47.575,5.659,6.482,14.696,29.37
52,40.023,3.584,5.024,9.063,28.73
53,39.839,2.319,3.843,5.073,31.25
54,40.823,2.323,3.389,5.943,33.82
55,37.381,2.250,3.493,5.849,34.98
56,33.364,2.305,3.552,5.416,31.65
57,29.134,2.135,3.515,5.288,32.61
58,25.133,2.184,3.380,5.281,27.61
59,21.890,2.895,3.013,5.370,24.12
60,17.781,2.600,2.735,4.061,23.85
61,14.934,1.205,2.465,6.200,19.32
62,12.183,1.913,2.508,8.821,17.85
63,10.146,3.028,2.632,7.818,19.10
64,13.562,3.697,3.201,9.272,19.54
65,16.776,4.372,3.835,10.688,20.13
66,20.088,5.607,4.065,13.015,22.98
67,22.625,6.673,4.106,16.547,21.52
68,24.038,7.205,3.960,19.964,22.87
69,23.975,6.187,3.706,21.272,24.00
