target_id,position,kind,mean_delta,max_delta,delta_at_9,delta_at_60,top5_1based,pos9_in_top5,pos60_in_top5,both_anchors_in_top5,either_anchor_in_top5
R1107_human,30,REAL,1.64267148958325,4.209748535689002,4.209748535689002,4.118174025139908,"9,22,24,51,60",True,True,True,True
null_rand_02,2,NULL,0.9661035253286718,4.183899300151416,1.131657913383061,3.2336543289582678,"22,23,24,25,60",False,True,False,True
null_rand_03,3,NULL,1.1167702050720292,3.982052961645088,0.8297955265744754,2.2506830188061615,"1,2,24,51,52",False,False,False,False
null_rand_04,4,NULL,1.4046574771358893,4.255298485810173,0.8252621749383239,3.195339454837072,"1,2,3,4,60",False,True,False,True
null_rand_06,6,NULL,2.458776222042774,7.3985834427988655,2.183189320900221,1.22115914166001,"24,25,30,50,51",False,False,False,False
null_rand_07,7,NULL,2.2377326120934695,6.652369643625068,4.06873562902799,3.839536741352719,"9,22,24,30,50",True,False,False,True
null_rand_09,9,NULL,0.8607879729052823,4.345816907197531,3.86497154922066,1.3142172183731764,"9,22,24,49,50",True,False,False,True
null_rand_14,14,NULL,2.3029265558960224,4.8691134554158975,1.6229549065297557,2.1224265260457162,"25,49,50,51,61",False,False,False,False
null_rand_15,15,NULL,1.573711264277589,5.5159148381333685,1.0860680565793879,1.8513855793720937,"24,51,61,62,63",False,False,False,False
null_rand_28,28,NULL,2.9063097560505353,11.413695551537469,1.359930475346344,3.5395283412294,"24,25,26,27,28",False,False,False,False
null_rand_29,29,NULL,3.5728950699610684,12.2899947572177,2.817464546099721,0.8239487853900799,"24,25,26,28,29",False,False,False,False
null_rand_33,33,NULL,1.2807799513968363,3.1628109704873655,0.6719802717879473,2.7582392909278868,"22,23,24,47,60",False,True,False,True
null_rand_36,36,NULL,0.9659682881006496,3.6013509498649685,0.7797379497156834,0.523677965287465,"21,22,25,26,51",False,False,False,False
null_rand_37,37,NULL,1.2444696018587322,3.696077691599492,0.6802794069478211,1.6450641789971878,"25,38,39,51,59",False,False,False,False
null_rand_39,39,NULL,2.1774673101756665,9.087668939695822,1.54206545372332,2.26861343492158,"21,22,23,24,51",False,False,False,False
null_rand_45,45,NULL,0.809670154189209,2.7196788707995996,0.6808707351100628,0.7326894018045682,"22,25,26,50,51",False,False,False,False
null_rand_49,49,NULL,1.141611777594979,4.603443930277994,1.139999994825298,0.8841613778165676,"22,24,48,49,51",False,False,False,False
null_rand_57,57,NULL,9.657679023317659,28.453721645211996,2.040965005770642,7.737515790204552,"47,48,49,50,51",False,False,False,False
null_rand_59,59,NULL,1.5584555966821354,6.488337481585939,0.8355945159528216,2.2410940013531278,"22,23,24,25,51",False,False,False,False
null_rand_63,63,NULL,1.3153523664893045,7.596336747111787,0.8218119116392484,1.8720184873667782,"22,50,61,62,63",False,False,False,False
null_rand_69,69,NULL,0.9430117121904176,3.0774816176692616,0.6546564917038954,0.5333666050804887,"22,23,24,48,51",False,False,False,False
